"0","head(table(pred,bc_test$Class))
"
"1","                      
"
"1","pred                  "
"1"," norecur"
"1"," recur"
"1","
  5.84832416469955e-08"
"1","       1"
"1","     0"
"1","
  0.0864235113697127  "
"1","       1"
"1","     0"
"1","
  0.0930081397179329  "
"1","       1"
"1","     0"
"1","     0"
"1","
  0.107918269381323   "
"1","       1"
"1","     0"
"1","
  0.116757163716209   "
"1","       1"
"1","     0"
"1","
"
